,Total_years,censored,Baseline,Predicted_income,Married,Male,ACGC,Celebrity breakfast,Golf,Personal_connection,Mean_Pred_Total_years,Med_Pred_Total_years
63,0.528405201916,1,1,-1.12048219436,0.0,0.0,False,False,False,False,16.4606542539,16.5241670661
64,0.528405201916,1,1,-0.746378041239,0.0,0.0,False,False,False,False,16.7433645722,16.7259773501
65,0.528405201916,1,1,-0.84534878151,0.0,0.0,False,False,False,False,16.6630526602,16.6745393259
122,0.169746748802,1,1,0.849189563242,0.0,1.0,False,False,False,False,30.879044299,30.9108282871
123,1.04859685147,1,1,0.530402152101,0.0,0.0,False,False,False,True,18.7518202779,18.3676343198
143,0.843258042437,1,1,-1.69310020267,0.0,0.0,False,False,False,False,16.1241877789,16.0618646369
154,0.309377138946,1,1,-0.845768128275,1.0,1.0,False,False,False,True,22.736696305,22.7899347014
163,0.889801505818,1,1,-1.1479494075,0.0,1.0,False,False,False,True,29.2250152887,29.2112646108
165,1.12251882272,1,1,-0.12986874128,0.0,0.0,False,False,False,False,17.3422655241,17.3347965631
170,1.0431211499,1,1,-1.52869530325,1.0,1.0,False,False,False,False,21.7447465171,21.7983541807
186,0.985626283368,1,1,-0.868161245553,0.0,1.0,False,False,False,True,29.6340403317,29.4628526579
192,0.813141683778,1,1,-0.642594620385,0.0,1.0,False,False,False,False,28.5148071591,28.3823562877
209,0.591375770021,1,1,0.849189563242,1.0,1.0,False,False,False,True,24.5688700931,24.5170917675
224,0.988364134155,1,1,0.530402152101,1.0,0.0,False,False,False,False,14.9473683787,14.9080191283
227,0.542094455852,1,1,0.530402152101,1.0,1.0,False,False,False,False,24.3655535223,24.31930911
228,0.980150581793,1,1,-1.8927931324,0.0,0.0,False,False,False,True,17.2353343196,16.8926969188
231,0.788501026694,1,1,-1.20879662318,0.0,0.0,False,False,False,False,16.4020460743,16.448888096
233,0.492813141684,1,1,-0.642594620385,0.0,1.0,False,False,False,True,29.9768550609,29.9339731584
235,0.490075290897,1,1,-0.417153799247,0.0,0.0,False,False,True,True,4.63305024908,4.0045520279
239,0.966461327858,1,1,-1.12075476976,0.0,0.0,False,False,False,True,17.5891914193,17.3641949144
240,0.977412731006,1,1,0.849189563242,0.0,0.0,False,False,False,True,19.0955862511,18.7422389205
241,0.988364134155,1,1,0.849189563242,1.0,0.0,False,False,False,True,14.893786794,14.9058859677
242,0.659822039699,1,1,0.849189563242,1.0,0.0,False,False,False,True,14.893786794,14.9058859677
245,0.988364134155,1,1,0.530402152101,1.0,0.0,False,False,False,True,14.6277043067,14.5657521999
249,0.988364134155,1,1,0.530402152101,1.0,0.0,False,False,False,True,14.6277043067,14.5657521999
251,0.985626283368,1,1,-1.25144418923,0.0,1.0,False,False,False,True,29.0782551604,29.114616172
252,0.00273785078713,1,1,-0.642594620385,1.0,1.0,False,False,False,False,22.7249537085,22.7956772724
254,0.985626283368,1,1,0.849189563242,1.0,1.0,False,False,False,True,24.5688700931,24.5170917675
258,0.988364134155,1,1,0.849189563242,1.0,0.0,False,False,False,True,14.893786794,14.9058859677
259,1.51676933607,1,1,0.849189563242,0.0,1.0,False,False,False,True,32.4554680083,32.3388787619
260,1.66735112936,1,1,-0.153950801874,1.0,0.0,False,False,False,True,14.1481253287,14.0043782087
262,1.01026694045,1,1,-1.10676955513,0.0,0.0,False,False,False,True,17.5960837308,17.3851831327
268,1.64544832307,1,1,-0.453720837199,0.0,1.0,False,False,False,True,30.2710075497,30.2153168178
269,0.985626283368,1,1,0.849189563242,1.0,1.0,False,False,False,True,24.5688700931,24.5170917675
272,0.985626283368,1,1,0.849189563242,0.0,0.0,False,False,False,True,19.0955862511,18.7422389205
273,1.04585900068,1,1,0.530402152101,0.0,0.0,False,False,False,True,18.7518202779,18.3676343198
274,0.985626283368,1,1,-0.845768128275,1.0,0.0,False,False,False,True,13.7697615622,13.5890195139
276,0.490075290897,1,1,-0.417153799247,1.0,0.0,False,False,False,True,13.9929738446,13.7762256801
280,1.56331279945,1,1,0.530402152101,1.0,1.0,False,False,False,False,24.3655535223,24.31930911
287,0.988364134155,1,1,-1.52869530325,0.0,0.0,False,False,False,False,16.2110114208,16.214564202
288,0.988364134155,1,1,0.530402152101,0.0,0.0,False,False,False,True,18.7518202779,18.3676343198
296,0.761122518823,1,1,-0.84534878151,0.0,1.0,False,False,False,False,28.2514801339,27.99606612
297,0.758384668036,1,1,-1.51286496285,0.0,0.0,False,False,False,False,16.2199025415,16.2238154732
299,1.74127310062,1,1,-0.153950801874,0.0,1.0,False,False,False,False,29.2093921413,29.0871737088
303,1.65639972621,1,1,0.849189563242,0.0,1.0,False,False,False,True,32.4554680083,32.3388787619
307,1.01300479124,1,1,-0.858767878006,0.0,1.0,False,False,False,False,28.2347199096,27.9773378858
314,1.01300479124,1,1,-1.45455479511,0.0,0.0,False,False,False,False,16.2534508499,16.2512922676
315,1.01300479124,1,1,-0.858767878006,0.0,1.0,False,False,False,False,28.2347199096,27.9773378858
316,2.03696098563,1,1,-0.858767878006,0.0,1.0,False,False,False,False,28.2347199096,27.9773378858
319,1.32785763176,1,1,0.595610574138,0.0,1.0,False,False,False,False,30.4330556631,30.3797829856
320,1.43737166324,1,1,0.795177699844,1.0,0.0,False,False,False,True,14.84654095,14.8396642919
322,1.97672826831,1,1,-0.927247204814,0.0,0.0,False,False,False,False,16.599633068,16.6243287319
327,1.67556468172,1,1,0.530402152101,1.0,0.0,False,False,False,True,14.6277043067,14.5657521999
328,0.966461327858,1,1,0.530402152101,1.0,0.0,False,False,False,True,14.6277043067,14.5657521999
333,1.11978097194,1,1,-1.98846709695,1.0,1.0,False,False,False,True,22.0637200556,22.1020203797
339,1.11978097194,1,1,-0.106588149414,0.0,0.0,False,False,False,True,18.2090968229,17.8836198611
342,1.79603011636,1,1,0.849189563242,1.0,0.0,False,False,True,True,4.15039869637,3.83254026997
343,2.23682409309,1,1,0.849189563242,1.0,1.0,False,False,True,True,5.7772481961,5.00575095113
344,1.67556468172,1,1,-0.453720837199,0.0,1.0,False,False,False,True,30.2710075497,30.2153168178
347,1.0212183436,1,1,0.530402152101,0.0,1.0,False,False,True,True,7.00226381342,5.61614966354
353,1.13894592745,1,1,-0.153950801874,0.0,0.0,False,False,False,True,18.1750387031,17.8642745264
354,1.16632443532,1,1,-0.823962096469,0.0,1.0,False,False,False,True,29.7006803194,29.512249538
357,1.18822724162,1,1,0.849189563242,1.0,1.0,False,False,True,True,5.7772481961,5.00575095113
358,2.26967830253,1,1,-1.5102650129,0.0,1.0,False,False,False,True,28.7128824034,28.7676475628
360,0.755646817248,1,1,-1.69310020267,0.0,1.0,False,False,False,False,27.3398582093,26.8933986893
363,0.752908966461,1,1,-0.576442668126,0.0,0.0,False,False,False,False,16.8909227668,16.8492625368
368,0.755646817248,1,1,-1.41505592261,0.0,0.0,False,False,False,False,16.2767060646,16.2697666055
369,0.755646817248,1,1,-1.54228213845,0.0,0.0,False,False,False,False,16.2034543428,16.2061308853
370,0.755646817248,1,1,-1.51286496285,0.0,1.0,False,False,False,False,27.5156031069,27.0613444468
377,2.39288158795,1,1,0.849189563242,1.0,1.0,False,False,False,False,24.8649619841,24.8633876654
378,2.46680355921,1,1,-0.28876494863,0.0,0.0,False,False,False,False,17.1703992738,17.195159697
395,2.01779603012,1,1,-0.505824672814,1.0,1.0,False,False,False,True,23.0175436065,23.0393454546
398,1.99041752225,1,1,0.530402152101,0.0,0.0,False,False,False,True,18.7518202779,18.3676343198
399,0.906228610541,1,1,-0.153950801874,0.0,0.0,False,False,False,True,18.1750387031,17.8642745264
402,2.81998631075,1,1,0.849189563242,0.0,0.0,False,False,False,False,18.7515944282,18.5611658954
404,1.01574264203,1,1,-1.1372141303,1.0,0.0,False,False,False,True,13.6407073591,13.4813415775
414,2.66392881588,1,1,-0.833879647473,0.0,1.0,False,False,False,False,28.2658775183,28.0071979055
416,1.01574264203,1,1,-1.54228213845,0.0,0.0,False,False,False,True,17.3868453403,17.1308229557
417,2.00410677618,1,1,-1.26521973048,1.0,0.0,False,False,False,True,13.5901736716,13.4282094373
424,1.01300479124,1,1,0.795177699844,0.0,0.0,False,False,False,True,19.0349257674,18.7508931058
428,0.919917864476,1,1,-0.153950801874,0.0,0.0,False,False,False,False,17.3153581985,17.3162140071
430,2.72963723477,1,1,1.98482253892,1.0,1.0,False,False,False,True,26.5000401825,26.4805961207
432,2.03148528405,1,1,-0.236687918709,1.0,0.0,False,False,False,True,14.0977532813,13.9344575273
436,2.69404517454,1,1,-0.845768128275,0.0,0.0,False,False,False,True,17.7298060163,17.6638399685
437,2.00136892539,1,1,-0.153950801874,1.0,0.0,False,False,False,True,14.1481253287,14.0043782087
438,1.01300479124,1,1,-1.26521973048,0.0,0.0,False,False,False,True,17.5204964871,17.1364669777
440,2.0205338809,1,1,-0.417153799247,1.0,0.0,False,False,False,True,13.9929738446,13.7762256801
442,0.993839835729,1,1,-0.153950801874,1.0,0.0,False,False,False,True,14.1481253287,14.0043782087
443,1.00205338809,1,1,0.849189563242,0.0,0.0,False,False,False,True,19.0955862511,18.7422389205
446,2.09719370294,1,1,0.530402152101,1.0,0.0,False,False,False,True,14.6277043067,14.5657521999
448,0.624229979466,1,1,0.849189563242,1.0,1.0,False,False,False,True,24.5688700931,24.5170917675
456,1.18548939083,1,1,-0.236687918709,1.0,0.0,False,False,False,True,14.0977532813,13.9344575273
457,1.99589322382,1,1,-0.236687918709,1.0,0.0,False,False,False,True,14.0977532813,13.9344575273
464,2.87474332649,1,1,-0.153950801874,1.0,0.0,False,False,False,False,14.3186223007,14.3034503729
470,1.08692676249,1,1,-0.84534878151,0.0,0.0,False,False,False,False,16.6630526602,16.6745393259
471,1.08692676249,1,1,-0.84534878151,0.0,0.0,False,False,False,False,16.6630526602,16.6745393259
472,1.08692676249,1,1,-0.858767878006,0.0,0.0,False,False,False,False,16.6524743914,16.6693305672
478,1.05681040383,1,1,-1.69310020267,0.0,1.0,False,False,False,True,28.4576885041,28.4100260987
486,2.23134839151,1,1,0.849189563242,0.0,0.0,False,False,True,True,4.79153221764,4.21982276235
504,1.63449691992,1,1,-0.447787080467,1.0,0.0,False,False,False,True,13.9758686305,13.7516450521
509,2.18754277892,1,1,-1.26291332327,1.0,1.0,False,False,True,True,5.38365556479,4.67056333386
511,2.18480492813,1,1,0.849189563242,1.0,0.0,False,False,False,True,14.893786794,14.9058859677
517,0.145106091718,1,1,0.530402152101,1.0,1.0,False,False,True,True,5.7008289671,4.95170485875
520,2.02327173169,1,1,-1.86121632096,1.0,0.0,False,False,True,True,3.84801487973,3.49924655811
521,2.05886379192,1,1,0.849189563242,0.0,1.0,False,False,True,True,7.0935074774,5.67961435573
529,2.06981519507,1,1,-1.17529081661,0.0,1.0,False,False,False,True,29.1860463196,29.1743977815
532,2.13552361396,1,1,0.530402152101,0.0,1.0,False,False,True,False,6.75542190857,5.49245784206
534,2.16016427105,1,1,-0.505824672814,0.0,1.0,False,False,True,False,6.42009371294,5.20882713676
537,3.38945927447,1,1,-0.485486354687,1.0,0.0,False,False,False,False,14.0474896431,13.999804315
545,2.25051334702,1,1,-1.10676955513,1.0,1.0,False,False,False,True,22.550476398,22.6002651194
546,2.37645448323,1,1,-0.642594620385,1.0,1.0,False,False,False,True,22.8994209975,22.9824719177
550,3.04449007529,1,1,-0.642594620385,1.0,0.0,False,False,False,True,13.870944335,13.6426954104
553,2.03148528405,1,1,-0.833879647473,1.0,0.0,False,False,False,True,13.7754310532,13.5906237645
554,2.03148528405,1,1,-0.981573578286,1.0,1.0,False,False,False,True,22.636549609,22.6870696463
557,3.01984941821,1,1,-1.17793270124,0.0,1.0,False,False,False,True,29.1822945375,29.1708454432
559,1.77138945927,1,1,-1.69310020267,0.0,0.0,False,False,False,False,16.1241877789,16.0618646369
566,2.45037645448,1,1,-0.236687918709,1.0,0.0,False,False,False,True,14.0977532813,13.9344575273
567,2.03148528405,1,1,0.530402152101,1.0,0.0,False,False,False,True,14.6277043067,14.5657521999
570,2.16290212183,1,1,0.530402152101,0.0,0.0,False,True,False,True,5.53578671328,5.29647482259
579,3.02258726899,1,1,0.530402152101,0.0,0.0,False,False,False,True,18.7518202779,18.3676343198
593,1.11430527036,1,1,-0.153950801874,1.0,0.0,False,False,False,True,14.1481253287,14.0043782087
603,3.04722792608,1,1,0.849189563242,0.0,0.0,False,True,False,False,5.79488473048,5.53874359286
609,2.87748117728,1,1,-0.153950801874,0.0,0.0,False,False,False,True,18.1750387031,17.8642745264
611,1.99041752225,1,1,-0.153950801874,0.0,0.0,False,False,False,False,17.3153581985,17.3162140071
615,2.05065023956,1,1,-1.39934779343,0.0,0.0,False,False,False,False,16.2858693572,16.2816362903
621,2.86652977413,1,1,-1.78181301091,0.0,0.0,False,False,False,False,16.0779835801,16.0005306322
623,0.528405201916,1,1,-1.45455479511,0.0,0.0,False,False,False,False,16.2534508499,16.2512922676
626,2.49965776865,1,1,0.849189563242,0.0,0.0,False,False,False,True,19.0955862511,18.7422389205
634,1.01574264203,1,1,0.849189563242,0.0,1.0,False,False,False,True,32.4554680083,32.3388787619
639,2.52429842574,1,1,-2.06625592196,0.0,1.0,False,False,False,True,27.9496171282,28.0191789642
646,2.49418206708,1,1,0.849189563242,1.0,0.0,False,False,False,True,14.893786794,14.9058859677
652,2.00410677618,1,1,0.530402152101,0.0,0.0,False,False,False,True,18.7518202779,18.3676343198
654,3.49349760438,1,1,-0.329028076475,1.0,0.0,False,False,False,False,14.1730301075,14.1325198789
666,3.50444900753,1,1,0.849189563242,1.0,0.0,False,False,False,True,14.893786794,14.9058859677
668,4.14510609172,1,1,0.849189563242,1.0,0.0,False,False,False,False,15.2801271543,15.2087861098
672,3.69062286105,1,1,-1.86121632096,1.0,0.0,False,False,False,True,13.3968377798,13.2400470629
674,3.62765229295,1,1,0.530402152101,1.0,0.0,False,False,False,False,14.9473683787,14.9080191283
683,2.55441478439,1,1,0.248622093016,1.0,1.0,False,False,False,False,23.9352987597,23.9792734382
688,2.03696098563,1,1,-0.710444927045,0.0,0.0,False,False,False,False,16.7735348758,16.7422705318
697,1.42368240931,1,1,-0.845768128275,0.0,0.0,False,False,False,True,17.7298060163,17.6638399685
701,2.80082135524,1,1,-0.236687918709,1.0,0.0,False,False,False,True,14.0977532813,13.9344575273
705,4.04928131417,1,1,-0.417153799247,1.0,0.0,False,False,False,True,13.9929738446,13.7762256801
706,3.78918548939,1,1,-0.236687918709,1.0,0.0,False,False,False,True,14.0977532813,13.9344575273
707,3.78918548939,1,1,0.530402152101,1.0,0.0,False,False,False,True,14.6277043067,14.5657521999
711,2.80355920602,1,1,0.530402152101,1.0,0.0,False,False,False,True,14.6277043067,14.5657521999
714,1.02395619439,1,1,0.530402152101,0.0,1.0,False,False,True,False,6.75542190857,5.49245784206
720,3.78370978782,1,1,-0.845768128275,1.0,1.0,False,False,False,True,22.736696305,22.7899347014
741,3.98083504449,1,1,-1.10676955513,1.0,0.0,False,False,False,True,13.6532841041,13.4902518222
746,3.11567419576,1,1,0.849189563242,1.0,0.0,False,False,False,False,15.2801271543,15.2087861098
751,3.99726214921,1,1,-0.153950801874,0.0,0.0,False,True,False,True,5.41111955931,5.17659885155
754,4.6598220397,1,1,-0.485486354687,0.0,0.0,False,True,False,True,5.36028730473,5.12533884492
757,3.99726214921,1,1,-0.153950801874,1.0,0.0,False,True,False,True,5.23467582134,5.12501199167
758,2.77891854894,1,1,0.849189563242,0.0,0.0,False,False,False,True,19.0955862511,18.7422389205
759,2.99520876112,1,1,-0.121151419742,1.0,1.0,False,True,False,True,6.40291299374,6.11029395133
760,3.26899383984,1,1,0.849189563242,1.0,0.0,False,True,False,True,5.394603265,5.27199128977
762,3.00889801506,1,1,-0.153950801874,1.0,1.0,False,True,False,False,6.55897654232,6.24057607676
764,3.99726214921,1,1,-0.153950801874,1.0,0.0,False,False,False,True,14.1481253287,14.0043782087
774,4.65708418891,1,1,0.849189563242,1.0,0.0,False,True,False,True,5.394603265,5.27199128977
786,4.00821355236,1,1,0.530402152101,1.0,0.0,False,False,False,True,14.6277043067,14.5657521999
794,3.98631074606,1,1,-0.833879647473,1.0,0.0,False,False,False,False,13.7824411156,13.7068369598
798,3.98083504449,1,1,0.849189563242,1.0,0.0,False,False,False,True,14.893786794,14.9058859677
807,3.69336071184,1,1,1.98482253892,1.0,0.0,False,True,False,False,5.79774756503,5.60981419916
808,3.99452429843,1,1,0.849189563242,1.0,1.0,False,True,False,True,6.57905682337,6.2268909076
847,4.53388090349,1,1,0.849189563242,1.0,1.0,False,False,True,True,5.7772481961,5.00575095113
851,4.09308692676,1,1,-0.642594620385,1.0,0.0,False,False,False,True,13.870944335,13.6426954104
852,4.11498973306,1,1,-0.153950801874,1.0,0.0,False,False,False,True,14.1481253287,14.0043782087
853,4.10130047912,1,1,-1.10676955513,0.0,0.0,False,True,False,True,5.28255598691,5.02301945414
857,4.06844626968,1,1,0.530402152101,1.0,0.0,False,False,False,True,14.6277043067,14.5657521999
863,0.254620123203,1,1,-1.07489920095,0.0,0.0,False,False,False,False,16.4921041527,16.5544152388
864,4.0629705681,1,1,-0.485486354687,1.0,0.0,False,False,False,False,14.0474896431,13.999804315
866,2.15468856947,1,1,-1.69310020267,0.0,0.0,False,False,False,False,16.1241877789,16.0618646369
868,3.01984941821,1,1,-0.153950801874,0.0,0.0,False,False,False,False,17.3153581985,17.3162140071
875,4.88706365503,1,1,-1.8927931324,1.0,1.0,False,False,False,True,22.1102420425,22.0907230949
880,4.34770704997,1,1,-0.153950801874,1.0,1.0,False,False,False,True,23.3529213102,23.3112616096
886,3.40041067762,1,1,-0.642594620385,1.0,0.0,False,False,False,False,13.9255535286,13.8423644184
888,4.32306639288,1,1,-1.8927931324,0.0,1.0,False,False,False,True,28.1827391322,28.2430341129
897,3.92881587953,1,1,-1.8927931324,1.0,0.0,False,False,False,True,13.388830221,13.2360559925
900,4.03285420945,1,1,0.849189563242,1.0,0.0,False,False,False,False,15.2801271543,15.2087861098
902,5.02395619439,1,1,-1.5102650129,1.0,1.0,False,False,False,False,21.7629083053,21.818077847
910,4.52840520192,1,1,0.849189563242,0.0,0.0,False,False,False,True,19.0955862511,18.7422389205
918,5.00205338809,1,1,-1.10676955513,1.0,0.0,False,False,False,True,13.6532841041,13.4902518222
919,4.49828884326,1,1,-0.417153799247,1.0,0.0,False,False,False,False,14.1018036681,14.0602857669
921,4.58863791923,1,1,-1.10676955513,1.0,0.0,False,False,False,True,13.6532841041,13.4902518222
922,1.99589322382,1,1,-1.10676955513,0.0,0.0,False,False,False,True,17.5960837308,17.3851831327
925,5.37713894593,1,1,-0.153950801874,1.0,0.0,False,False,False,True,14.1481253287,14.0043782087
927,3.99178644764,1,1,-1.8927931324,1.0,0.0,False,False,False,True,13.388830221,13.2360559925
928,5.20465434634,1,1,-1.8927931324,1.0,0.0,False,False,False,True,13.388830221,13.2360559925
931,4.54757015743,1,1,0.849189563242,0.0,0.0,False,False,False,True,19.0955862511,18.7422389205
933,5.09514031485,1,1,-0.642594620385,1.0,0.0,False,False,False,True,13.870944335,13.6426954104
945,1.12251882272,1,1,-0.0645316452466,0.0,0.0,False,False,False,False,17.4168817669,17.4172857965
949,2.01779603012,1,1,-0.642594620385,1.0,0.0,False,False,False,False,13.9255535286,13.8423644184
963,2.1711156742,1,1,0.530402152101,0.0,1.0,False,False,True,True,7.00226381342,5.61614966354
971,2.99794661191,1,1,-1.69310020267,0.0,1.0,False,False,False,False,27.3398582093,26.8933986893
974,4.03559206023,1,1,-0.760368159479,0.0,0.0,False,False,False,True,17.7774111325,17.7268133664
988,4.30390143737,1,1,0.849189563242,0.0,1.0,False,False,False,False,30.879044299,30.9108282871
991,2.98699520876,1,1,-0.153950801874,1.0,0.0,False,True,False,True,5.23467582134,5.12501199167
1003,4.00547570157,1,1,0.530402152101,1.0,0.0,False,True,False,True,5.3436157052,5.22549485789
1004,4.13415468857,1,1,-1.8927931324,1.0,0.0,False,True,False,True,4.9694927833,4.81628648204
1007,4.92813141684,1,1,0.530402152101,1.0,0.0,False,False,False,True,14.6277043067,14.5657521999
1010,5.69472963723,1,1,0.530402152101,1.0,0.0,False,False,False,True,14.6277043067,14.5657521999
1011,4.02737850787,1,1,0.849189563242,1.0,0.0,False,False,False,True,14.893786794,14.9058859677
1013,4.99383983573,1,1,0.849189563242,1.0,0.0,False,False,False,True,14.893786794,14.9058859677
1034,4.04380561259,1,1,-0.642594620385,0.0,0.0,False,False,False,True,17.8472161551,17.7246952881
1039,4.43805612594,1,1,-1.10676955513,1.0,0.0,False,False,False,True,13.6532841041,13.4902518222
1054,4.99383983573,1,1,0.849189563242,1.0,0.0,False,False,False,False,15.2801271543,15.2087861098
1076,5.03490759754,1,1,-1.10676955513,0.0,0.0,False,True,False,True,5.28255598691,5.02301945414
1080,3.01437371663,1,1,-1.10676955513,0.0,0.0,False,False,False,False,16.4700291524,16.5341956182
1081,4.02737850787,1,1,0.849189563242,1.0,0.0,False,True,False,True,5.394603265,5.27199128977
1082,5.0212183436,1,1,0.530402152101,1.0,0.0,False,False,False,True,14.6277043067,14.5657521999
1084,4.00547570157,1,1,-0.153950801874,1.0,0.0,False,False,False,True,14.1481253287,14.0043782087
1086,4.99383983573,1,1,-0.554426962937,1.0,0.0,False,False,False,False,13.9934843743,13.9272236645
1089,5.02395619439,1,1,-1.10676955513,1.0,0.0,False,False,False,True,13.6532841041,13.4902518222
1102,4.63244353183,1,1,-0.642594620385,1.0,0.0,False,False,False,True,13.870944335,13.6426954104
1104,4.11225188227,1,1,-0.153950801874,1.0,0.0,False,False,False,True,14.1481253287,14.0043782087
1108,5.67282683094,1,1,-1.94567275953,0.0,0.0,False,False,False,False,15.9948282021,15.8458132503
1127,5.18822724162,1,1,-1.8927931324,1.0,0.0,False,False,False,False,13.0903757791,13.0782137932
1143,5.37713894593,1,1,-0.505824672814,1.0,1.0,False,False,False,False,22.8956157117,22.8967683726
1150,6.58726899384,1,1,-0.153950801874,0.0,0.0,False,True,False,False,5.54809988602,5.31378321436
1158,5.78507871321,1,1,-0.153950801874,1.0,0.0,False,False,False,True,14.1481253287,14.0043782087
1163,5.86173853525,1,1,-1.10676955513,1.0,0.0,False,False,False,True,13.6532841041,13.4902518222
1202,4.94455852156,1,1,-0.153950801874,0.0,0.0,False,True,False,True,5.41111955931,5.17659885155
1217,6.01505817933,1,1,-0.845768128275,0.0,0.0,False,False,False,True,17.7298060163,17.6638399685
1219,6.64750171116,1,1,-0.153950801874,1.0,0.0,False,False,False,True,14.1481253287,14.0043782087
1220,5.98767967146,1,1,0.530402152101,1.0,0.0,False,False,False,True,14.6277043067,14.5657521999
1233,5.43463381246,1,1,-0.153950801874,0.0,0.0,False,False,False,True,18.1750387031,17.8642745264
1234,6.60643394935,1,1,-0.153950801874,1.0,0.0,False,False,False,True,14.1481253287,14.0043782087
1242,6.52703627652,1,1,-0.329028076475,1.0,0.0,False,True,False,False,5.3917487928,5.27122325758
1247,5.99041752225,1,1,0.530402152101,0.0,0.0,False,True,False,False,5.71066474223,5.46691064373
1262,5.99041752225,1,1,1.98482253892,0.0,0.0,False,False,False,True,20.6283850311,20.1685456445
1268,6.56262833676,1,1,-0.153950801874,1.0,0.0,False,False,False,True,14.1481253287,14.0043782087
1270,6.0205338809,1,1,-0.153950801874,1.0,0.0,False,True,False,False,5.41927151631,5.29665875485
1271,6.62012320329,1,1,-0.760368159479,1.0,1.0,False,False,False,True,22.8032259094,22.8709495539
1278,6.56262833676,1,1,-0.458103010899,1.0,1.0,False,False,False,True,23.0603721678,23.0810838064
1288,5.98767967146,1,1,-1.10676955513,1.0,1.0,False,False,False,True,22.550476398,22.6002651194
1303,7.12936344969,1,1,-1.52869530325,0.0,0.0,False,False,False,False,16.2110114208,16.214564202
1313,4.72553045859,1,1,0.849189563242,1.0,1.0,False,False,False,True,24.5688700931,24.5170917675
1317,7.01163586585,1,1,0.530402152101,1.0,1.0,False,False,False,True,24.1381421821,24.1546897183
1322,2.06707734428,1,1,-0.329028076475,1.0,0.0,False,False,False,False,14.1730301075,14.1325198789
1344,6.75154004107,1,1,-2.06625592196,0.0,1.0,False,False,False,False,26.9985411009,26.8212504611
1348,6.77891854894,1,1,-0.153950801874,1.0,0.0,False,False,False,False,14.3186223007,14.3034503729
1354,8.0219028063,1,1,-1.570084829,1.0,1.0,False,False,False,False,21.7043161189,21.7543052522
1367,4.94729637235,1,1,0.530402152101,0.0,1.0,False,False,False,False,30.318947597,30.2770041387
1375,5.02943189596,1,1,0.849189563242,1.0,1.0,False,False,False,True,24.5688700931,24.5170917675
1378,7.46611909651,1,1,-0.485486354687,1.0,1.0,False,False,False,True,23.0356946589,23.0533011151
1392,5.90828199863,1,1,0.795177699844,1.0,0.0,False,False,False,False,15.2215973832,15.1596386344
1407,4.96098562628,1,1,-0.485486354687,0.0,0.0,False,False,False,False,16.9751140598,16.9539199455
1410,4.08761122519,1,1,1.98482253892,1.0,0.0,False,False,False,False,16.7953068716,16.6638701473
1412,4.99110198494,1,1,-0.485486354687,0.0,0.0,False,False,False,True,17.9484759205,17.799955447
1414,5.39082819986,1,1,-0.485486354687,0.0,0.0,False,False,False,True,17.9484759205,17.799955447
1428,8.50924024641,1,1,1.98482253892,1.0,1.0,False,False,False,False,26.5765808783,26.4940223095
1430,8.24640657084,1,1,-1.26521973048,1.0,1.0,False,False,False,True,22.4497660527,22.5500879706
1437,8.87885010267,1,1,-0.711933608062,1.0,1.0,False,False,False,False,22.6404390031,22.7133261652
1445,9.01574264203,1,1,-1.21110303039,1.0,0.0,False,False,False,False,13.516696724,13.4799271635
1448,9.10335386721,1,1,0.527047377977,1.0,1.0,False,False,False,True,24.1338415623,24.1495646733
1452,7.97262149213,1,1,0.849189563242,0.0,0.0,False,False,False,True,19.0955862511,18.7422389205
1458,8.98288843258,1,1,-0.153950801874,1.0,0.0,False,False,False,True,14.1481253287,14.0043782087
1471,7.49075975359,1,1,-0.642594620385,1.0,1.0,False,False,False,True,22.8994209975,22.9824719177
1474,4.58316221766,1,1,-0.642594620385,0.0,0.0,False,False,False,True,17.8472161551,17.7246952881
1487,9.31143052704,1,1,0.849189563242,1.0,0.0,False,False,False,True,14.893786794,14.9058859677
1488,3.98357289528,1,1,-0.485486354687,0.0,0.0,False,True,False,True,5.36028730473,5.12533884492
1489,3.84941820671,1,1,-0.153950801874,0.0,0.0,False,False,False,False,17.3153581985,17.3162140071
1490,3.91238877481,1,1,-0.153950801874,0.0,0.0,False,True,False,True,5.41111955931,5.17659885155
1498,9.1909650924,1,1,-0.236687918709,0.0,0.0,False,False,False,False,17.2252766037,17.2432034217
1510,6.46132785763,1,1,-0.236687918709,1.0,1.0,False,False,False,False,23.2471585302,23.263898695
1511,5.98767967146,1,1,-0.236687918709,1.0,1.0,False,False,False,True,23.2699831038,23.2271742183
1520,2.00136892539,1,1,-0.153950801874,1.0,1.0,False,False,False,True,23.3529213102,23.3112616096
1521,9.29500342231,1,1,-0.153950801874,1.0,0.0,False,False,False,True,14.1481253287,14.0043782087
1522,9.36618754278,1,1,1.98482253892,1.0,1.0,False,False,False,True,26.5000401825,26.4805961207
1530,5.54962354552,1,1,-0.153950801874,1.0,1.0,False,False,False,False,23.359512112,23.368828193
1533,9.93018480493,1,1,1.98482253892,0.0,0.0,False,False,False,False,20.8023426818,20.6579875017
1539,2.51882272416,1,1,-0.417153799247,0.0,1.0,False,False,False,False,28.8258121319,28.6038607281
1541,10.8774811773,1,1,-0.236687918709,1.0,1.0,False,False,False,False,23.2471585302,23.263898695
1555,3.48254620123,1,1,0.849189563242,0.0,0.0,False,False,False,True,19.0955862511,18.7422389205
1556,9.0431211499,1,1,0.849189563242,1.0,1.0,False,False,False,True,24.5688700931,24.5170917675
1558,7.93155373032,1,1,0.849189563242,0.0,0.0,False,False,False,False,18.7515944282,18.5611658954
1563,8.43258042437,1,1,0.849189563242,1.0,1.0,False,False,False,True,24.5688700931,24.5170917675
1564,8.96098562628,1,1,0.530402152101,1.0,1.0,False,False,False,True,24.1381421821,24.1546897183
1573,8.29568788501,1,1,1.98482253892,1.0,1.0,False,False,False,True,26.5000401825,26.4805961207
1574,7.47159479808,1,1,1.98482253892,1.0,1.0,False,False,False,True,26.5000401825,26.4805961207
1588,11.0198494182,1,1,-1.86121632096,1.0,1.0,False,False,False,False,21.4294463574,21.5015366754
1589,7.66598220397,1,1,-0.354650163847,0.0,0.0,False,False,False,True,18.0374349794,17.8666624784
1607,7.94524298426,1,1,0.795177699844,1.0,1.0,False,True,False,False,6.75641051755,6.41537556086
1625,11.9945242984,1,1,0.849189563242,0.0,0.0,False,False,False,False,18.7515944282,18.5611658954
1646,10.9815195072,1,1,-0.153950801874,1.0,1.0,False,False,False,False,23.359512112,23.368828193
1654,12.2628336756,1,1,-0.479908346296,0.0,0.0,False,False,False,False,16.9803993632,16.9608288709
1665,12.295687885,1,1,-0.485486354687,0.0,0.0,False,False,False,True,17.9484759205,17.799955447
1666,11.0143737166,1,1,0.849189563242,1.0,1.0,False,False,False,True,24.5688700931,24.5170917675
1667,12.3394934976,1,1,-0.485486354687,1.0,1.0,False,False,False,True,23.0356946589,23.0533011151
1679,12.2984257358,1,1,1.98482253892,1.0,1.0,False,False,False,True,26.5000401825,26.4805961207
1684,12.9993155373,1,1,-0.153950801874,0.0,1.0,False,False,False,True,30.7590418249,30.6049522053
1715,13.4182067077,1,1,0.849189563242,1.0,0.0,False,False,False,True,14.893786794,14.9058859677
1765,13.9082819986,1,1,-0.833879647473,1.0,1.0,False,False,False,False,22.4950372525,22.4824553283
1776,2.55167693361,1,1,0.849189563242,1.0,1.0,False,False,False,False,24.8649619841,24.8633876654
1777,14.1546885695,1,1,-1.94567275953,0.0,1.0,False,False,False,True,28.1111686185,28.207524483
1778,16.0930869268,1,1,1.98482253892,1.0,0.0,False,False,False,True,16.0992054009,16.0097174648
1788,10.0123203285,1,1,-0.642594620385,0.0,1.0,False,False,False,True,29.9768550609,29.9339731584
1795,13.1334702259,1,1,1.98482253892,1.0,0.0,False,False,False,False,16.7953068716,16.6638701473
1822,16.8898015058,1,1,-0.833879647473,0.0,0.0,True,False,False,False,15.0182631771,14.9201705623
1829,18.1108829569,1,1,-1.45455479511,0.0,0.0,True,False,False,False,14.4609390156,14.4133953543
1840,17.4127310062,1,1,-0.746215206143,0.0,0.0,True,False,False,False,15.1019234612,14.9873452052
1850,19.6960985626,1,1,-0.746215206143,1.0,1.0,False,False,False,False,22.5991485327,22.6339741199
1854,21.7056810404,1,1,-0.907034690716,1.0,1.0,True,False,False,False,19.3043957038,19.2844024384
1924,29.9575633128,1,1,-1.10676955513,1.0,1.0,False,False,False,False,22.1844663029,22.2660030263
1934,37.8754277892,1,1,-0.153950801874,1.0,1.0,False,False,False,False,23.359512112,23.368828193
1937,15.8466803559,1,1,1.98482253892,1.0,1.0,False,False,False,False,26.5765808783,26.4940223095
1939,23.6796714579,1,1,-0.84534878151,1.0,1.0,False,False,False,True,22.7370163272,22.7904225125
1944,28.9965776865,1,1,0.530402152101,1.0,1.0,False,False,False,False,24.3655535223,24.31930911
1953,34.9212867899,1,1,-0.153950801874,0.0,1.0,False,False,False,False,29.2093921413,29.0871737088
1956,41.3853524983,1,1,-0.153950801874,1.0,0.0,False,False,False,False,14.3186223007,14.3034503729
1961,41.8918548939,1,1,-0.153950801874,0.0,1.0,False,False,False,False,29.2093921413,29.0871737088
1962,28.8213552361,1,1,1.98482253892,1.0,1.0,False,False,False,False,26.5765808783,26.4940223095
1965,31.0061601643,1,1,-0.153950801874,1.0,1.0,False,False,False,False,23.359512112,23.368828193
1985,32.0410677618,1,1,-0.153950801874,1.0,1.0,False,False,False,False,23.359512112,23.368828193
1988,27.8631074606,1,1,-0.485486354687,1.0,1.0,False,False,False,False,22.9214469995,22.9179897608
2002,23.9151266256,1,1,0.0552822667774,1.0,1.0,False,False,False,False,23.6527245725,23.7286266328
2005,26.0123203285,1,1,-0.153950801874,1.0,1.0,False,False,False,False,23.359512112,23.368828193
2006,23.9534565366,1,1,-0.84534878151,1.0,1.0,False,False,False,False,22.4815730565,22.4697583453
2064,26.8774811773,1,1,0.849189563242,1.0,1.0,False,False,False,False,24.8649619841,24.8633876654
2065,31.4305270363,1,1,-0.153950801874,1.0,0.0,False,False,False,True,14.1481253287,14.0043782087
2073,28.0164271047,1,1,-0.153950801874,0.0,0.0,False,False,False,True,18.1750387031,17.8642745264
2084,22.9869952088,1,1,-0.153950801874,1.0,1.0,False,False,False,False,23.359512112,23.368828193
2092,29.9630390144,1,1,-0.153950801874,1.0,1.0,False,False,False,False,23.359512112,23.368828193
2093,23.780971937,1,1,-0.760368159479,1.0,1.0,False,False,False,True,22.8032259094,22.8709495539
2102,22.0095824778,1,1,0.530402152101,1.0,1.0,False,False,False,False,24.3655535223,24.31930911
2113,20.8049281314,1,1,-0.153950801874,0.0,0.0,False,False,False,True,18.1750387031,17.8642745264
2118,25.7138945927,1,1,1.98482253892,0.0,0.0,False,False,False,False,20.8023426818,20.6579875017
2140,20.9336071184,1,1,-1.8927931324,1.0,0.0,False,False,False,True,13.388830221,13.2360559925
2146,26.006844627,1,1,-0.153950801874,1.0,1.0,False,False,False,False,23.359512112,23.368828193
2147,27.3292265572,1,1,0.795177699844,1.0,1.0,False,False,False,False,24.7800906796,24.7779550898
2155,5.87542778919,1,1,-1.45455479511,1.0,0.0,False,False,False,False,13.3564820115,13.3622633383
2163,22.6557152635,1,1,-0.153950801874,0.0,1.0,False,False,False,False,29.2093921413,29.0871737088
2188,31.9561943874,1,1,-1.8927931324,1.0,1.0,False,False,False,False,21.4007391818,21.4734529895
2199,19.7864476386,1,1,-0.153950801874,1.0,1.0,False,False,False,False,23.359512112,23.368828193
2207,26.4147843943,1,1,1.98482253892,1.0,1.0,False,False,False,False,26.5765808783,26.4940223095
2212,32.9582477755,1,1,0.849189563242,1.0,1.0,False,False,False,True,24.5688700931,24.5170917675
2218,30.3490759754,1,1,-1.10676955513,1.0,1.0,False,False,False,False,22.1844663029,22.2660030263
2219,31.9561943874,1,1,0.248622093016,0.0,1.0,False,False,False,False,29.8424303468,29.7984424625
2232,38.9952087611,1,1,-0.153950801874,1.0,1.0,False,False,False,False,23.359512112,23.368828193
2253,19.7973990418,1,1,0.530402152101,1.0,0.0,False,False,False,True,14.6277043067,14.5657521999
2257,19.7590691307,1,1,-0.575981386684,0.0,0.0,False,False,False,False,16.8913403851,16.8497385668
2271,35.0006844627,1,1,0.795177699844,1.0,1.0,False,False,False,False,24.7800906796,24.7779550898
2281,17.9466119097,1,1,-0.153950801874,1.0,1.0,False,False,False,False,23.359512112,23.368828193
2283,37.8836413415,1,1,-1.10676955513,0.0,0.0,False,False,False,False,16.4700291524,16.5341956182
2297,19.923340178,1,1,1.98482253892,1.0,1.0,False,False,False,False,26.5765808783,26.4940223095
2316,20.1122518823,1,1,0.795177699844,1.0,0.0,False,False,False,False,15.2215973832,15.1596386344
2335,18.302532512,1,1,-0.153950801874,0.0,0.0,False,False,False,True,18.1750387031,17.8642745264
2347,18.893908282,1,1,0.795177699844,1.0,1.0,False,False,False,False,24.7800906796,24.7779550898
2353,38.9760438056,1,1,0.795177699844,0.0,1.0,False,False,False,True,32.360108374,32.3514703887
2357,35.8795345654,1,1,-0.153950801874,1.0,0.0,False,False,False,False,14.3186223007,14.3034503729
2383,28.9527720739,1,1,-1.8927931324,1.0,0.0,False,False,False,False,13.0903757791,13.0782137932
2385,19.1266255989,1,1,-0.485486354687,1.0,1.0,False,False,False,False,22.9214469995,22.9179897608
2392,17.9110198494,1,1,0.530402152101,1.0,1.0,False,False,False,False,24.3655535223,24.31930911
2396,18.8884325804,1,1,1.98482253892,1.0,1.0,False,False,False,False,26.5765808783,26.4940223095
2397,17.3196440794,1,1,-0.642594620385,1.0,1.0,False,False,False,False,22.7249537085,22.7956772724
2541,17.6153319644,1,1,0.849189563242,1.0,1.0,False,False,False,False,24.8649619841,24.8633876654
2634,25.8179329227,1,1,-1.8927931324,0.0,0.0,False,False,False,False,16.0213208416,15.8986650934
2650,17.2676249144,1,1,0.849189563242,1.0,1.0,False,False,False,True,24.5688700931,24.5170917675
2663,16.4517453799,1,1,-0.153950801874,1.0,0.0,False,False,False,True,14.1481253287,14.0043782087
2666,16.076659822,1,1,1.98482253892,1.0,0.0,False,False,False,True,16.0992054009,16.0097174648
2679,14.9130732375,1,1,-0.642594620385,0.0,1.0,False,False,False,False,28.5148071591,28.3823562877
2682,15.9698836413,1,1,1.98482253892,1.0,1.0,False,False,False,False,26.5765808783,26.4940223095
2683,15.9835728953,1,1,-0.329028076475,1.0,1.0,False,False,False,False,23.1241536059,23.1091630076
2704,16.1916495551,1,1,0.530402152101,0.0,0.0,False,False,False,True,18.7518202779,18.3676343198
2713,16.0355920602,1,1,0.849189563242,0.0,0.0,False,False,False,False,18.7515944282,18.5611658954
2714,16.7310061602,1,1,1.98482253892,1.0,0.0,False,False,False,False,16.7953068716,16.6638701473
2783,16.7255304586,1,1,-0.153950801874,1.0,1.0,False,False,False,False,23.359512112,23.368828193
2816,15.7727583847,1,1,-0.815030010363,1.0,0.0,False,False,False,False,13.7962888105,13.7218838795
2817,32.0985626283,1,1,-0.329028076475,1.0,0.0,False,False,False,False,14.1730301075,14.1325198789
2818,15.3292265572,1,1,-0.485486354687,1.0,0.0,False,False,False,False,14.0474896431,13.999804315
2823,36.1341546886,1,1,-0.153950801874,1.0,1.0,False,False,False,True,23.3529213102,23.3112616096
2827,16.0027378508,1,1,-0.485486354687,0.0,1.0,False,False,False,False,28.7297608621,28.4828948087
2829,15.0280629706,1,1,0.849189563242,1.0,1.0,False,False,False,False,24.8649619841,24.8633876654
2830,14.9952087611,1,1,-0.153950801874,0.0,1.0,False,False,False,True,30.7590418249,30.6049522053
2840,21.9685147159,1,1,-0.485486354687,1.0,1.0,False,False,False,True,23.0356946589,23.0533011151
2846,12.2162902122,1,1,-0.153950801874,1.0,1.0,False,False,False,False,23.359512112,23.368828193
2848,30.5927446954,1,1,-0.84534878151,0.0,0.0,False,False,False,False,16.6630526602,16.6745393259
2861,31.4688569473,1,1,-0.84534878151,0.0,1.0,False,False,False,False,28.2514801339,27.99606612
2865,11.2963723477,1,1,-0.485486354687,0.0,0.0,False,False,False,True,17.9484759205,17.799955447
2872,11.0554414784,1,1,-0.485486354687,1.0,1.0,False,False,False,False,22.9214469995,22.9179897608
2881,22.9240246407,1,1,-0.205215943958,1.0,1.0,False,False,False,False,23.2896568444,23.2996944969
2882,11.0390143737,1,1,-0.485486354687,0.0,0.0,False,False,False,True,17.9484759205,17.799955447
2908,2.03148528405,1,1,-0.554426962937,1.0,0.0,False,False,False,True,13.9176760664,13.6652987282
2909,14.8364134155,1,1,-0.505824672814,1.0,0.0,False,False,False,False,14.0314753746,13.9783309154
2963,18.7707049966,1,1,-1.45455479511,0.0,0.0,False,False,False,False,16.2534508499,16.2512922676
2982,11.0773442847,1,1,-0.642594620385,1.0,1.0,True,False,False,False,19.4091156533,19.4410440598
3024,24.3312799452,1,1,1.98482253892,1.0,0.0,False,False,False,True,16.0992054009,16.0097174648
3053,11.0006844627,1,1,0.527047377977,0.0,0.0,True,False,False,False,16.468004341,16.1617991832
3070,16.6324435318,1,1,-1.94567275953,1.0,0.0,True,False,False,False,12.8241697704,12.7802485144
3072,19.7754962355,1,1,-1.5102650129,1.0,1.0,True,False,False,False,19.0221918356,18.9406996001
